"agricultural_veterinary_sciences","arts_design","business_management_law","education_training","engineering_technology","health_medicine","humanities_languages","ict","natural_sciences","social_behavioral_sciences","services","transport_safety_security_military","others"
"Agricultural and Biological Engineering","Acting","Accounting","Adult Education","Aeronautical","Acupuncture","Ancient History","African","Applied and Computational Mathematics","Advanced Chemistry and Materials","Advertising","Addiction Counseling","NA"
"Agricultural and Environmental Biology","Advertising","Accounting and Auditing","Applied English","Aeronautical Engineering","Aerospace Physiology","Ancient History and Archaeology","African American and Diaspora Studies","Applied Data Science","African American and African Diaspora Studies","African","Applied Mathematics","NA"
"Agricultural and Environmental Systems Science","Ancient Near Eastern and Egyptian Studies","Accounting and Finance","Applied Mathematics","Aerospace Engineering","Allied Health","Anthropology","African American Studies","Applied Mathematics","Agricultural and Environmental Biology","African American and Diaspora Studies","Biochemistry","NA"
"Agricultural and Extension Education","Animation","Accounting and Information","Applied Psychologyand Human Development","Aerospace Engineering Biotechnology","Allied Health Science","Applied Linguistics","African and African American Studies","Applied Mathematics and Statistics","Agricultural Biotechnology","African American Studies","Biology","NA"
"Agricultural and Life Science","Animation and Special Effects","Accounting and Information Systems","Art Education","Agricultural and Food Engineering","Anatomical Science","Arabic","Africana Studies","Artificial Intelligence","Agricultural Botany","Agricultural Economics","Business Support Services","NA"
"Agricultural Biotechnology","Animation and VFX","Accounting for Finance and Consulting","Art Teacher Education","Agricultural and Irrigation Engineering","Applied Biosciences","Arabic Language and Culture","African-American/Black Studies","Artificial Intelligence and Data Science","Agricultural Chemistry","Agricultural Extension","Chemistry","NA"
"Agricultural Botany","Animation Film Design","Actuarial Science","Biology","Agricultural Engineering","Applied Mathematics","Arabic Language and Literature","American Cultures","Artificial Intelligence and Machine Learning","Agricultural Meteorology","Agricultural Statistics","Community Organization and Advocacy","NA"
"Agricultural Business","Apparel","Actuarial Studies","Biology Education","Applied Chemistry","Applied Mathematics and Statistics","Archaeology","American Indian Studies","Artificial Intelligence and Robotics","Agricultural Microbiology","American Studies","Community Resource Development","NA"
"Agricultural Business Management","Applied Art","Administrative Law","Biology Pedagogy","Applied Electronics and Instrumentation","Applied Physiology and Kinesiology","Area Studies","American Politics and Law","Artificial Intelligence Medical Data","Agricultural Physics","Anthropology","Community sustainability","NA"
"Agricultural Chemistry","Applied Music","Advertising","Biology Teaching","Applied Physics","Athletic Training","Art","American Studies","Automation and Control Engineering Technology","Agricultural Zoology","Area Studies","Computational Science","NA"
"Agricultural Economics","Archaeology","Advertising and Public Relations","Chemistry","Architectural Engineering","Athletic Training/trainer","Art and Humanities","American/United States Studies","Big Data","Agronomy","Asian American Studies","Economics","NA"
"Agricultural Education","Architectural Design","Agricultural Business","Chemistry Education","Architecture","Audiology and Speech-Language Pathology","Art and Social Science","Ancient Near Eastern and Egyptian Studies","Bioinformatics","American Studies","Behavioral and Brain Science","Environmental Science","NA"
"Agricultural Education and Communication","Architectural Engineering","Agricultural Business Management","Chemistry Pedagogy","Architecture and Building Engineering","Ayurveda","Assamese","Ancient Studies/Archaeology","Biotechnology","Animal Biology","Behavioral Decision Science","Environmental Studies","NA"
"Agricultural Engineering","Architectural Studies","Agricultural Economics","Chemistry Teaching","Artificial Intelligence","Ayurvedic Medicine","Bengali","Ancient Studies/Civilization","Business Analytics","Animal Genetics and Breeding","Behavioral Economics Policy and Orgs","Event Management","NA"
"Agricultural Entomology","Architecture","Apparel Management","Child","Artificial Intelligence and Data Science","Beauty Care","Child Development","Anthropology","Business Information Technology","Anthropology","Business and Entrepreneurship","Family and Child Ecology","NA"
"Agricultural Extension","Architecture and Interior Design","Applied Economics","Child and Family Studies","Artificial Intelligence and Machine Learning","Behavior and Health Science","Chinese","Applied Mathematics","Business Intelligence","Applied Biological Chemistry","Chicana/o Studies","Healthcare Administration/Management","NA"
"Agricultural Journalism","Art","Applied Economics and Management","Child Development","Automobile Engineering","Bio and Brain Engineering","Chinese Language and Culture","Arabic","Cloud Computing","Applied Biological Science","Child Development","Healthcare Management","NA"
"Agricultural Leadership","Art Administration","Applied Finance","Childhood Education","Biomedical Engineering","Biochemistry","Chinese Language and Literature","Arabic Studies","Cognitive Science","Applied Biology","Child Studies","Hospitality","NA"
"Agricultural Meteorology","Art and Archaeology","Applied Mathematics and Statistics","Chinese pedegogy","Biotechnology","Biochemistry and Biophysics","Chinese Literature","Archaeology","Computational and Applied Mathematics","Applied Chemistry","Child Welfare","Hospitality Administration and Management","NA"
"Agricultural Microbiology","Art and Art History","Applied Psychology","Christian Education","Biotechnology Engineering","Biochemistry and Cell Biology","Classical Studies","Architecture","Computational Biology","Applied Data Science","Childcare","Hospitality and Event Management","NA"
"Agricultural Physics","Art and Culture Studies","Art and Laws","Civic Education","Chemical Engineering","Biochemistry and Molecular Biology","Classical Tamil Studies","Asian and Middle Eastern Studies","Computational Science and Engineering","Applied Mathematics","Clothing and Textiles","Hospitality and Tourism Management","NA"
"Agricultural Science","Art and Design","Auditing","Counseling","Chemical Science and Engineering","Bioengineering","Classics","Asian Studies","Computational Social Science","Applied Mathematics / Computational and Applied Mathematics","Cognitive Neuroscience","Hospitality Management","NA"
"Agricultural Statistics","Art and Technology","Aviation Business Administration","Counseling and Applied Psychological Science","Civil","Bio-food and Pharmaceutical Science","Communication","Audio Technology","Computer and Communication Engineering","Applied Mathematics and Statistics","Cognitive Science","Hotel Management","NA"
"Agricultural Systems","Art Conservation","Aviation Management","Counseling and Human Services","Civil and Environmental Engineering","Bioinformatics","Comparative Culture Studies","Chicana/o Studies","Computer and Information Engineering","Applied Physics","Commerce","Human Development and Family Science","NA"
"Agricultural Systems Management","Art Creation","Banking","Counseling and Personnel Services","Civil Engineering","Biological Chemistry","Comparative Literature","Chinese","Computer and Information Science","Applied Physics and Electronics","Communication","Human Development and Family Studies","NA"
"Agricultural Systems Technology","Art Education","Banking and Finance","Curriculum and Instruction","Cloud Computing","Biological Engineering","Creative Writing","Chinese Language","Computer and Information Science and Engineering","Applied Psychology","Communication and Media Studies","Human Resources and Labour Relations","NA"
"Agricultural Technology","Art History","Business","Curriculum and Teaching","Computer and Communication Engineering","Biological Science","Criminology","Chinese Language and Literature","Computer and Information Systems Security","Applied Science","Communication Art","Human Services","NA"
"Agricultural Zoology","Art History and Archaeology","Business Administration","Curriculum Studies","Computer Engineering","Biology","Cultural Anthropology","Chinese Studies","Computer and Information Systems Security/Auditing/Information Assurance","Aquaculture","Communication Studies","Laboratory Technician","NA"
"Agriculture","Art History/Criticism and Conservation","Business Administration and Laws","Early Childhood and Primary Education","Computer Science","Biology/Biological Science","Cultural Studies","Classical Languages","Computer Applications","Arabic Studies","Community Engagement","Leisure Studies","NA"
"Agriculture and Biosystems Engineering","Art Management and Art Entrepreneurship","Business Administration and Management","Early Childhood Care and Education","Computer Science and Automation","Biomathematics","Divinity","Classical Studies","Computer Engineering","Astronomy","Community Organization and Advocacy","Library and Information Science","NA"
"Agronomy","Art Practice","Business Analytics","Early Childhood Education","Computer Science and Engineering","Biomedical Computation","Economics","Classics","Computer Engineering Technology","Astronomy and Astrophysics","Community Science","Mathematics","NA"
"Animal and Dairy Science","Art Studies","Business and Administration","Early Childhood Education and Care","Computer Science and Information Technology","Biomedical Engineering","English","Classics and Classical Languages","Computer Graphics Technology","Astrophysical Science","Community Studies","Media Service","NA"
"Animal and Food Science","Art Studio","Business and Commerce","Early Childhood Education and Teaching","Computer Science Engineering","Biomedical Laboratory Science","English and Professional Communication","Cognitive Science","Computer Information Systems","Astrophysics","Computer Science","Multimedia Communication","NA"
"Animal and Poultry Science","Art Therapy","Business and Economics","Education","Computer Systems Engineering","Biomedical Science","English Language and Culture","Communication","Computer Networks and Communications","Atmospheric and Oceanic Science","Counseling Psychology","Neuroscience","NA"
"Animal and Veterinary Bioscience","Art/Media/Performance","Business and Entertainment","Education Administration","Cybersecurity","Biomedicine","English Language and Literature","Communication Studies","Computer Programming","Atmospheric and Planetary Science","Criminal and Social Justice","Park and Tourism Management","NA"
"Animal and Veterinary Science","Asian Studies","Business and Law","Education General","Data Science","Biomolecular Engineering","English Literature","Comparative Cultures and Literatures","Computer Science","Atmospheric Science","Criminal Justice","Parks","NA"
"Animal Biology","Audio Technology","Business and Management","Education Studies","Data Science and Analytics","Biophysics","French","Comparative History of Ideas","Computer Science and Engineering","Biochemistry","Criminal Justice/Safety Studies","Physics","NA"
"Animal Biotechnology","Cartoon and Animation","Business Data Analytics","Educational Administration","Data Science and Engineering","Bioscience","French Language and Culture","Comparative Literature","Computer Science and Information Technology","Biochemistry and Biophysics","Criminology","Public Administration","NA"
"Animal Breeding and Genetics","Ceramic Art","Business Economics","Educational Administration and Management","Electrical","Biostatistics","French Language and Literature","Comparative Studies","Computer Software and Media Applications","Biochemistry and Cell Biology","Criminology and Criminal Justice","Recreation","NA"
"Animal Ecology","Ceramic Design","Business Information Systems","Educational Administration and Supervision","Electrical and Computer Engineering","Biotechnology","French Literature","Computational Science","Computer Systems","Biochemistry and Molecular Biology","Cultural Management and Communication","Recreation and Leisure Studies","NA"
"Animal Genetics and Breeding","Ceramics","Business Information Technology","Educational Leadership","Electrical and Computer Systems Engineering","Brain and Cognitive Science","Geography","Computer Science","Computer Systems Networking and Telecommunications","Bioengineering","Cultural Studies","Rehabilitation and Human Services","NA"
"Animal Husbandry","Chinese","Business Language and Culture","Educational Leadership and Administration","Electrical and Electronic Engineering","Cell and Gene Regenerative Medicine","German","Creative Writing","Computer/Information Technology Services Administration and Management","Bioinformatics","Decision Science and Policy Management","Retail and Sport Management","NA"
"Animal Husbandry and Dairy Science","Chinese Literature","Business Law","Educational Leadership and Policy Analysis","Electrical and Electronics","Cell Biology and Development","German Language and Culture","Cultural Studies","Control and Dynamical Systems","Biological and Life Science","Development Economics and International Development","Safety Engineering","NA"
"Animal Nutrition","Church Music and Performance","Business Management","Educational Leadership and Policy Studies","Electrical and Electronics Engineering","Cellular and Developmental Biology","German Language and Literature","Dance and Media","Cybersecurity","Biological Chemistry","Development Sociology","Social Work","NA"
"Animal Resources","Cinema and Media Studies","Business Statistics","Educational Management","Electrical Communication Engineering","Cellular and Molecular Biology","German Literature","Data Science","Cybersecurity and Data Science","Biological Science","Development Studies","Statistics","NA"
"Animal Science","Cinema and Television Technology","Business Technology","Educational Policy","Electrical Engineering","Cellular and Molecular Medicine","Global Area Studies","East Asian Languages","Data Analytics","Biology","Diplomacy","Tourism","NA"
"Animal Science and Industry","Cinema Studies","Business/Commerce General","Educational Psychology","Electronics","Cellular Biology","Global Communication","East Asian Languages and Civilizations","Data Modeling/Warehousing","Biology and Society","Disability Studies","Tourism and Hospitality","NA"
"Applied Biological Chemistry","Cinematography and Film/Video Production","Civil Law","Educational Science","Electronics and Communication Engineering","Chemical and Biomolecular Engineering","Global Studies","East Asian Languages and Cultures","Data Modeling/Warehousing and Database Administration","Biology/Biological Science","Econometrics and Quantitative Economics","Tourism and Hospitality Management","NA"
"Applied Biological Science","City and Regional Planning","Commerce","Educational Studies","Electronics and Instrumentation","Chemical Biology","Gujarati","East Asian Languages and Literatures","Data Science","Biomathematics","Economics","Tourism and Travel Management","NA"
"Aquaculture","Classics","Commerce and Laws","Educational Technology","Electronics and Instrumentation Engineering","Chemistry","Hindi","East Asian Studies","Data Science and Analytics","Biomedical Engineering","Education","Tourism and Travel Services Management","NA"
"Aquatic Resources Management","Communication","Commercial Business","Elementary Education","Electronics and Telecommunication Engineering","Child and Family Studies","History","Economics","Data Science and Engineering","Biomedical Science","Education Studies","Tourism Management","NA"
"Biobehavioral Health","Communication Art","Commercial Law","Elementary Education and Teaching","Electronics Engineering","Child Development","Humanities","English","Digital Banking and Finance","Biophysics","Ethnology","Tourism Service Management","NA"
"Bioenvironmental Engineering","Communication Art and Science","Communications","English Education","Electronics Engineering Electronics and Communication Engineering","Childcare","Humanities and Science","English and Comparative Literature","Digital Communications","Bioproduction Science","Experimental Psychology","Youth Services/Administration","NA"
"Biological and Agricultural Engineering","Communication Design","Company Secretary","English Language Education","Engineering","Chiropractic","Humanities and Social Science","English for International Business","Digital Convergence","Bioresource Production Science","Family Studies","Youth Studies","NA"
"Biological and Environmental Engineering","Communication for Health Professionals","Company Secretaryship","English Language Teaching","Engineering Technology","Clinical Embryology","Indigenous Knowledge","English for Maritime","Digital Healthcare","Biostatistics","Film/Cinema/Media Studies","NA","NA"
"Biological Function","Communication Studies","Computer Applications","English Pedagogy","Environmental Engineering","Clinical Exercise Physiology","Indigenous Studies","English Language","Digital Journalism and Multimedia Applications","Biotechnology","Gender and Women's Studies","NA","NA"
"Biological Science","Comparative Literature","Constitutional and Administrative Law","English Teacher Education","Environmental Science","Clinical Laboratory Science","Indonesian","English Language and Literature","Digital Marketing","Botany","Geography","NA","NA"
"Biological Systems Engineering","Construction and Planning","Construction Economics","English/Language Art Teacher Education","Food Technology","Clinical Neurosciences","Indonesian Language and Literature","English Language Studies","Digital Media","Cell Biology and Development","Global Business","NA","NA"
"Bioproduction Science","Convergence Design","Construction Management","English-Chinese","Geospatial Engineering","Clinical Pharmacy","International Area Studies","English Linguistics","Digital Media Technology","Cellular and Developmental Biology","Global Business and Strategy","NA","NA"
"Bioproducts and Biosystems Engineering","Craft","Consumer Studies","English-Korean","Geotechnical Engineering","Clinical Practice","International Communication","English Studies","Digital Transformation","Cellular and Molecular Biology","Global Studies","NA","NA"
"Bioresource and Agricultural Engineering","Craft Design","Corporate and Securities Law","Exceptional Education","Industrial Engineering","Clinical Psychology","International Relations","Environmental Studies","E-commerce","Chemical Engineering","Government","NA","NA"
"Bioresource and Environmental Science","Creative Art","Corporate Communication","Exercise Science","Industrial Engineering and Management","Clinical Science","International Studies","Ethics/Peace/Human Rights","Electrical and Computer Engineering","Chemical Technology","Government and Politics","NA","NA"
"Bioresource and Sustainable Systems","Creative Industries","Corporate Innovation and Entrepreneurship","Family and Community Studies","Information and Communication Engineering","Clinical/Medical Laboratory Technician","Interpreting Studies","European Studies","Electrical Engineering","Chemistry","Health Economics","NA","NA"
"Bioresource Engineering","Creative Science","Corporate Law","Fine Art Education","Information and Computer Engineering","Cognitive and Brain Science","Islamic Studies","Feminist Studies","Electrical Engineering and Computer Science","Chemistry and Biotechnology","Health Management","NA","NA"
"Bioresource Production Science","Creative Writing","Corporate Reporting and Analysis","Foreign Language Education","Information and Computer Science","Cognitive Science","Italian","Film","Electronic and Information Communication Engineering","Chemistry and Chemical Biology","Health Psychology","NA","NA"
"Bioresource Research","Dance","Corporate Secretaryship","Foreign Language Teacher Education","Information and System Engineering","Communication Disorders","Italian Language and Literature","Film and Media Studies","Electronic Engineering","Clinical Psychology","History","NA","NA"
"Bioresource Science","Dance and Performance Studies","Criminal Law","Foreign Language Teaching","Information and Systems Engineering","Communication Science and Disorders","Japanese","Film Studies","Electronics and Communication Engineering","Computational Biology","Home Economics","NA","NA"
"Biosystems Engineering","Design","Customs","French pedagogy","Information Engineering","Communication Studies","Japanese Language and Culture","French","Electronics and Telecommunications Engineering","Computational Biology and Bioinformatics","Human and Social Science","NA","NA"
"Biotechnology","Design and Merchandising","Customs Management","Geography","Information Science","Community Health","Japanese Language and Literature","French Language","Embedded Systems","Computational Mathematics","Human Development","NA","NA"
"Breeding","Design Engineering","Data Science and Business Analytics","Geography Education","Information Science and Engineering","Computational Biology","Japanese Literature","French Language and Literature","Energy Convergence","Computer Science","Human Development and Family Studies","NA","NA"
"Crop and Soil Science","Design Media Art","Development Economics","Health Education and Behavior","Information Science and Technology","Computational Biology and Bioinformatics","Journalism","French Studies","Engineering Management","Creative Writing","Human Relations","NA","NA"
"Crop Production","Design Science","Digital Banking and Finance","Higher Education","Information Science Engineering","Control and Dynamical Systems","Journalism and Mass Communication","Gender and Sexuality Studies","Financial Technology","Development and Cell Biology","Human Science","NA","NA"
"Crop Science","Design Studies","Digital Business","Higher Education Administration","Information Systems","Dental","Kannada","Geography","Game Development","Earth","Humanities","NA","NA"
"Dairy and Food Science","Digital Art","Digital Convergence Business","History","Information Technology","Dental Hygiene","Kashmiri","German","Game Technology","Earth and Atmospheric Science","Humanities and Social Science","NA","NA"
"Dairy Science","Digital Communications","Digital Marketing","History Education","Instrumentation and Applied Physics","Dental Medicine","Korean","German Language and Literature","Geographic Information Science","Earth and Environment","Information Science","NA","NA"
"Ecology and Evolutionary Biology","Digital Contents","Dispute Resolution","History Pedagogy","Instrumentation and Control Engineering","Dental Science","Korean Classics","German Studies","Geospatial Information Technology","Earth and Environmental Science","Inter-Cultural Communication","NA","NA"
"Ecosystem Science and Management","Digital Contents Design","E-business","Home Economics","Instrumentation Engineering","Dental Surgery","Korean Language and Culture","Germanic Languages and Literature","Health Informatics","Earth and Ocean Science","International Economics","NA","NA"
"Education and Communications","Digital Culture","E-commerce","Home Economics Education","Instrumentation Technology","Dental Technology","Korean Language and Literature","Germanic Languages and Literatures","Health Promotion","Earth and Planetary Science","International Law","NA","NA"
"Entomology","Digital Design","Econimics","Home Science","Machine Design","Dentistry","Languages","Global Studies","Healthcare Data Science and Artificial Intelligence","Earth and Space Science","International Relations","NA","NA"
"Environmental and Natural Resource Science","Digital Film Production","Econometrics","Human and Social Science","Manufacturing Engineering","Dermatology","Liberal Art","Greek","Human-Computer Interaction","Earth Science","International Relations and Affairs","NA","NA"
"Environmental and Resource Management","Digital Filmmaking","Economic Law","Human Development and Family Science","Manufacturing Engineering and Automation","Diagnostic Radiography","Library","Hebrew","Informatics","Earth System Science","International Relations and Diplomacy","NA","NA"
"Environmental Biotechnology","Digital Media","Economic Management","Human Development and Family Studies","Material Science and Engineering","Dietetics","Library and Information Science","Hispanic and Latin American Languages and Literature","Information and Communication Engineering","Earth/Astronomy","International Studies","NA","NA"
"Environmental Conservation and sustainability","Digital Media and Design","Economics","Human Relations","Materials Engineering","Education and Behavior","Linguistics","Hispanic Literatures and Culture","Information and Communication Technology","Ecology","International/Global Studies","NA","NA"
"Environmental Design","Digital Media Design","Economics and Finance","Human Science","Materials Science","Educational Leadership and Administration","Linguistics and Literature","Hispanic Studies","Information and Computer Engineering","Ecology and Evolutionary Biology","Journalism","NA","NA"
"Environmental Horticulture","Digital Media Technology","Economics and Management","Informatics in Education","Materials Science and Engineering","Elementary Education","Literature","Hispanic-American/Chicano Studies","Information and Computer Science","Electronics and Instrumentation","Journalism and Communication","NA","NA"
"Environmental Management","Digital Photography","Entrepreneurship","Information Technology Education","Mechanical","Emergency Health","Malay","History","Information and Data Science","Entomology","Journalism and Mass Communication","NA","NA"
"Environmental Science","Digital Technology and Culture","Entrepreneurship and Organization","Instructional Design and Technology","Mechanical and Automation Engineering","Emergency Health Care","Malayalam","History of Art","Information and Decision Science","Environmental and Ecological Engineering","Law","NA","NA"
"Environmental Science and Technology","Directing and Theatrical Production","Environmental Law","Instructional Systems Design","Mechanical Engineering","Environmental Engineering","Marathi","History of Art and Architecture","Information and System Engineering","Environmental Biology","Law and Society","NA","NA"
"Equine Science","Drama","Event Management","Instructional Technology","Mechanical Systems Engineering","Environmental Health","Maritime Policy and Law","Humanities","Information Communication Engineering","Environmental Conservation","Legal Studies","NA","NA"
"Equine Studies","Drama and Performance","Finance","International Relations Education","Mechatronics","Environmental Health and Engineering","Mass Communication","Humanities and Social Science","Information Engineering","Environmental Design","Library Science","NA","NA"
"Fisheries","Drama and Theatre Art","Finance and Banking","J’rai Culture and Education","Mechatronics Engineering","Environmental Science","Mathematics","International Relations","Information Network","Environmental Engineering","Literature","NA","NA"
"Fisheries Management","Dramatic Art","Finance and Risk Management","Kindergarten Education","Metallurgical and Materials Engineering","Environmental Science and Engineering","Media and Communication","International Studies","Information Science","Environmental Resource Management","Management and Economics","NA","NA"
"Fisheries Science","Dramatic Literature","Financial Economics","Kinesiology","Metallurgical Engineering","Environmental Studies","Media Studies","Islamic Studies","Information Science and Engineering","Environmental Science","Maritime Policy and Law","NA","NA"
"Food","Dramatic Writing","Financial Engineering","Kinesiology and Health","Mining Engineering","Epidemiology","Ministry","Italian","Information Science and Technology","Environmental Science and Engineering","Media Communication","NA","NA"
"Food and Environmental Science","Drawing and Painting","Financial Management","Leadership and Organizational Effectiveness","Naval Architecture and Shipbuilding","Exercise and Nutritional Science","Mizo","Italian Language and Literature","Information Security","Environmental Science and Studies","Media Studies","NA","NA"
"Food and Nutritional Science","Economics","Financial Markets","Leadership Studies","Ocean Engineering and Naval Architecture","Exercise and Sport Science","Other Languages","Italian Studies","Information Systems","Environmental Studies","Multimedia Communication","NA","NA"
"Food and Nutritional Scienceal Science","English","Financial Mathematics","Literature","Petroleum Engineering","Exercise Physiology","Other Languages and Literature","Japanese","Information Systems Engineering","Epidemiology","Neuroscience","NA","NA"
"Food and Resource Economics","English and Creative Writing","Financial Technology","Literature Education","Polymer Science and Engineering","Exercise Science","Other Languages and Literatures","Japanese Language","Information Technology","Evolution and Behavior","Policy Studies","NA","NA"
"Food Resource and Environmental Design","English Literature","Fisheries Economics","Literature Pedagogy","Power Systems","Food and Nutritional Science","Persian","Japanese Language and Literature","Information Technology and Web Science","Evolution and Organismal Biology","Political Science","NA","NA"
"Food Science","Environmental Design","Food and Nutritional Science Management","Mathematics","Printing Technology","Food/Nutrition and Dietetics","Philosophy","Jewish History","Information Technology Convergence Engineering","Evolutionary Biology","Political Science and Economics","NA","NA"
"Food Science and Biotechnology","Environmental Studies","Food Service Management","Mathematics Education","Production and Industrial Engineering","Foods and Exercise","Philosophy and Economics","Jewish Philosophy","Information Technology in Geology and Mining","Fisheries Science","Political Science and Government","NA","NA"
"Food Science and Technology","Events and Hospitality Management","General Management","Mathematics Pedagogy","Production Engineering","General Medicine","Political Science","Jewish Studies","Intelligent Systems Engineering","Food and Nutritional Science","Political Science and International Relations","NA","NA"
"Forest Exploitation and Processing Technology","Fashion","Global Business","Mathematics Teacher Education","Robotics","Genetics","Political Science and International Relations","Journalism","Interactive Media","Food and Nutritional Scienceal Science","Political Studies","NA","NA"
"Forest Management and Planning","Fashion Design","Global Business and Strategy","Mathematics Teaching","Robotics and Automation","Geography","Politics","Journalism and Broadcasting","Internet and Information Technology","Food Science","Political Theory","NA","NA"
"Forest Protection","Fashion Design and Technology","Global Business Management","Middle Education","Robotics and Automation Engineering","Global Health","Politics and International Relations","Journalism and Communication","Library and Information Science","Food Science and Technology","Politics","NA","NA"
"Forest Resources and Environment Management","Fashion Designing","Global Business Studies","Middle Grades Education","Robotics and Design Engineering","Global Health Science","Portuguese","Judaic Studies","Logic and Computation","Food Technology","Politics and Diplomacy","NA","NA"
"Forestry","Fashion Technology","Global Economics","Music Education","Robotics Engineering","Global Public Health and the Common Good","Portuguese Language and Literature","Korean","Management Information Systems","Forensic Science","Politics and Economics","NA","NA"
"Genetics and Plant Breeding","Film","Global Liberal Studies","Music Teacher Education","Safety and Fire Engineering","Health","Psychology","Korean Language","Mathematical and Computing Science","Forest Ecology","Psychology","NA","NA"
"Home Science","Film and Animation","Global Studies","Nutrition","Software Engineering","Health Administration","Punjabi","Korean Language and Literature","Mathematics and Computer Science","Forest Genetics and Biotechnology","Psychologyand Biological Science","NA","NA"
"Horticultural Science","Film and Broadcasting","Global Trade and Commerce","Organization and Leadership","Structural Engineering","Health and Exercise Science","Religion","Korean Studies","Media Art and Science","Forest Soil Science","Psychologyand Brain Science","NA","NA"
"Horticulture","Film and Digital Media","Government","Organizational Leadership","Supercomputer Education and Research Centre","Health and Human Biology","Religious Studies","Languages","Multimedia","French Studies","Public Administration","NA","NA"
"Horticulture and Crop Science","Film and Media","Government and Foreign Affairs","Pedagogy","Surveying","Health and Human Performance","Russian","Languages and Literatures","Multimedia Communication","Gender Women's and Sexuality Studies","Public Administration and Social Welfare","NA","NA"
"Horticulture and Environmental Horticulture","Film and Media Art","Health Administration","Pedagogy-related: Physics","System and Information Engineering","Health and Human Performance Studies","Russian Language and Culture","Latin","Multimedia Engineering","Genetics","Public Affairs","NA","NA"
"Horticulture and Landscape Architecture","Film and Media Production","Healthcare Management","Performing Art Education","System Design and Management","Health and Human Physiology","Russian Language and Literature","Latin American and Caribbean Studies","Multimedia Technology","Genetics and Plant Breeding","Public Affairs/Policy","NA","NA"
"Integrative Physiology","Film and Media Studies","Hospital Administration","Philology Pedagogy","System Engineering","Health and Human Services","Sanskrit","Latin American and Iberian Cultures","Network Administration","Geography","Public Policy","NA","NA"
"Land Management","Film and Television","Hospitality Administration and Management","Physical Education","Systems and Control Engineering","Health and Kinesiology","Social and Human Science","Latin American and Iberian Studies","Network and Cybersecurity","Geological and Planetary Science","Public Policy Analysis","NA","NA"
"Land/Estate Management","Film and Television Production","Hospitality and Tourism Management","Physical Education and Sport","Systems Engineering","Health and Sport Science","Social Work","Latin American and Latino Studies","Network Engineering","Geological Engineering","Public Relations","NA","NA"
"Landscape Architecture","Film and Theatre","Hospitality Business","Physics","Technology","Health and Welfare","Sociology","Latin American Studies","Network Security","Geological Science","Public Relations/Image Management","NA","NA"
"Livestock","Film Production","Hospitality Leadership","Physics Education","Telecommunication Engineering","Health Care Management","Spanish","Latin Language and Literature","Networking","Geology","Pyschology","NA","NA"
"Livestock Production Management","Film Studies","Hospitality Management","Physics Pedagogy","Telecommunications Engineering","Health Communication","Spanish Language and Culture","Liberal Art and Science","Networking and Cybersecurity","Geology and Geophysics","Radio and Television","NA","NA"
"Livestock Science","Film/Cinema Studies","Hotel Administration","Physics Teaching","Transdisciplinary Science and Engineering","Health Economics","Spanish Language and Literature","Liberal Studies","Neural Computation","Geology/Earth Science","Regional Studies","NA","NA"
"Marine Biomedical Science","Film/Cinema/Media Studies","Hotel and Tourism Management","Political Education","VLSI Design","Health Informatics","Swahili","Library and Information Science","Premedical Certificate","Geology/Geological Science","Rehabilitation Counseling","NA","NA"
"Marine Resource Science","Filmmaking","Hotel Management","Pre-Elementary Education","Aeronautical and Aerospace Engineering","Health Information Management","Tamil","Linguistics","Public Health","Geophysical Engineering","Rural Development","NA","NA"
"Molecular and Integrative Physiology","Fine Art","Human and Organizational Development","Preschool Education","Aeronautical Engineering","Health Management","Telugu","Linguistics and Philosophy","Robotics","Geophysics","Rural Sociology","NA","NA"
"Natural Resource Management","Fine Art Education","Human Resource Management","Pre-school Education","Aerospace Engineering","Health Management and Informatics","Thai","Literary Art","Robotics Engineering","Geophysics and Planetary Science","Science","NA","NA"
"Nematology","Fine/Studio Art","Human Resources","Primary Education","Aerospace/Manufacturing/Construction Engineering","Health Management and Policy","Thai Language and Literature","Literature","Semiconductor and Laser","Geosciences","Social Analysis and Research","NA","NA"
"Nutritional Science","French","Industrial and Systems Engineering","Public Health Education","Agricultural Engineering","Health Policy","Theology","Literatures and Cultures","Smart Media","German Studies","Social and Decision Science","NA","NA"
"Pharmacy","French and Francophone Studies","Industrial Engineering","Rehabilitation and Human Services","Air Traffic Management","Health Policy Analysis","Theology Ministry","Mathematics","Software","Global Environment and Disaster Prevention","Social Relations and Policy","NA","NA"
"Plant","French Literature","Information","Religious Education","Aircraft Maintenance Engineering","Health Policy and Administration","Translation and Interpretation","Middle East Studies","Software Development","Health and Environmental Science","Social Science","NA","NA"
"Plant and Environmental Protection","Game and Interactive Media Design","Information and Decision Science","Russian Pedagogy","Applied Chemistry","Health Professions","Translation Studies","Middle Eastern and South Asian Languages and Literature","Software Engineering","History","Social Science and Humanities","NA","NA"
"Plant and Environmental Science","Game Art and Design","Information and Management Science","School Leadership","Applied Mathematics and Physics","Health Professions and Allied Health","Urdu","Middle Eastern Studies","Software Engineering Technology","Home Economics","Social Studies","NA","NA"
"Plant Biology","Game Design","Information and System Engineering","School Psychology","Applied Physics","Health Professions and Allied Health Science","Vietnamese","Modern Culture and Media","Software Systems","Hydrogeology","Social Welfare","NA","NA"
"Plant Breeding and Genetics","German","Information Systems","Science Education","Applied Physics and Chemistry","Health Promotion","Vietnamese Language and Literature","Modern Languages","Statistics","Information and Computer Science","Social Work","NA","NA"
"Plant Pathology","German Literature","Information Technology and Web Science","Science Teacher Education","Applied Physics and Electronics","Health Promotion and Education","NA","Modern Languages and Cultures","Statistics and Machine Learning","Integrated Science","Sociology","NA","NA"
"Plant Pathology and Plant-Microbe Biology","Global Creative Studies","Insurance","Secondary Education","Architectural and Environmental Design","Health Science","NA","Modern Languages and Literatures","System and Information Engineering","Integrative Biology","Sociology and Anthropology","NA","NA"
"Plant Production Science","Global Studies","Intellectual Property Law","Secondary Education and Teaching","Architectural Engineering","Health Science and Technology","NA","Music","Systems Science and Informatics","Jewish Studies","Southeast Asian Studies","NA","NA"
"Plant Protection","Graphic Design","International Affairs","Social Studies Education","Architectural Environment and Design 

","Health Services","NA","Near and Middle Eastern Studies","Telecommunication Engineering","Journalism and Communication","Sports Coaching","NA","NA"
"Plant Resources and Environmental Science","History","International Business","Social Studies Teacher Education","Architecture","Health Services Administration","NA","Near Eastern Languages and Civilizations","Telecommunications","Law","Sports Management","NA","NA"
"Plant Science","History and Philosophy of Science","International Business Administration","Social Welfare","Architecture and Building Engineering","Health Services/Science","NA","Near Eastern Studies","NA","Life Science","Technology and Society","NA","NA"
"Post-Harvest Technology","History of Art and Architecture","International Business Law","Social Work","Artificial Intelligence","Healthcare Administration","NA","Near/Middle Eastern Studies","NA","Life Science and Technology","Tourism","NA","NA"
"Poultry Science","Home Economics","International Business/Trade/Commerce","Sociology Education","Artificial Intelligence Engineering","Healthcare Management","NA","Oriental Studies","NA","Linguistics","Urban and Community Planning","NA","NA"
"Pre-Veterinary Medicine","Humanities","International Commerce","Special Education","Automotive Engineering","Homeopathic Medicine","NA","Pedagogical English","NA","Literature","Urban and Regional Planning","NA","NA"
"Range and Wildlife Management","Humanities and Science","International Development Engineering","Special Education and Teaching","Aviation Services","Homeopathy","NA","Philosophy","NA","Marine Biology","Urban Studies","NA","NA"
"Range Science","Humanities and Social Science","International Economics","Sport and Entertainment Management","Bioengineering","Human and Organizational Development","NA","Political Science","NA","Marine Science","Urban Studies/Affairs","NA","NA"
"Rural Development","Image Art","International Economics and Business","Sport and Exercise Science","Biomedical Engineering","Human Biology","NA","Political Science and Diplomacy","NA","Materials Science and Engineering","Vietnam Studies","NA","NA"
"Sericulture","Industrial Design","International Finance","Sport Science","Building Systems Engineering","Human Development","NA","Politics","NA","Mathematical Science","Vietnamese Studies","NA","NA"
"Soil","Instrumental Music","International Law","Sports Coaching","Chemical and Biological Engineering","Human Development and Family Science","NA","Portuguese and Brazilian Studies","NA","Mathematics","NA","NA","NA"
"Soil and Crop Science","Integrated Media","International Management","Sports Management","Chemical and Biomolecular Engineering","Human Development and Family Studies","NA","Religion","NA","Mathematics and Informatics","NA","NA","NA"
"Soil and Environmental Science","Interaction Design","International Relations","Teacher Education","Chemical Engineering","Human Evolutionary Biology","NA","Religion/Religious Studies","NA","Mathematics and Physics","NA","NA","NA"
"Soil and Insect Science","Interactive and Visual Design","International Studies","Teacher Training","Chemical Engineering and Biotechnology","Human Genetics","NA","Religious Education","NA","Medical Laboratory Technology","NA","NA","NA"
"Soil and Water Science","Interactive Media","International Trade","Teacher Training for Mathematics","Chemistry","Human Nutrition","NA","Religious Studies","NA","Meteorology","NA","NA","NA"
"Soil Science","Interactive Media Design","Investment Economics","Teaching","Civil and Environmental Engineering","Human Nutrition and Dietetics","NA","Rhetoric","NA","Microbiology","NA","NA","NA"
"Soil Science and Agricultural Chemistry","Interior and Exterior Design","Isenberg School of Management","Teaching and Leadership","Civil Engineering","Human Physiology","NA","Rhetoric and American Cultures","NA","Mineral Processing","NA","NA","NA"
"Sustainable Agriculture","Interior Architectural Design","Judicial Enforcement","Teaching and Learning","Communication Engineering","Human Science","NA","Romance Languages","NA","Molecular","NA","NA","NA"
"Sustainable Horticulture","Interior Architecture","Jurisprudence","Teaching English as a Foreign Language","Computer Engineering","Immunobiology","NA","Romance Languages and Literatures","NA","Molecular and Cell Biology","NA","NA","NA"
"Tropical Plant and Soil Science","Interior Design","Labour and Industrial Law","Teaching English to Speakers of Other Languages (TESOL)","Computer Information Systems","Industrial Pharmacy","NA","Romance Studies","NA","Molecular and Cellular Biology","NA","NA","NA"
"Veterinary and Biomedical Science","Intermedia","Labour Law","Teaching Technology","Computer Science","Information and Data Science","NA","Russian","NA","Molecular Biology","NA","NA","NA"
"Veterinary Biology","International Studies","Land Law","Teaching Vietnamese as a Second Language","Computer Science and Engineering","Instructional Design","NA","Russian Language","NA","Molecular Biosciences","NA","NA","NA"
"Veterinary Biosciences","Italian","Land Management and Environmental Management","Technology Education","Construction Engineering","Integrative Physiology","NA","Russian Language and Literature","NA","Nanobiotechnology","NA","NA","NA"
"Veterinary Medicine","Japanese Literature","Law","Training and Development","Control and Instrumentation Engineering","Kinesiology","NA","Russian Studies","NA","Nano-material Science and Engineering","NA","NA","NA"
"Veterinary Nursing","Japanese Studies","Leadership and Organization Effectiveness","Vietnamese Language and Literature Education","Cybersecurity","Kinesiology and Exercise Science","NA","Science and Technology Studies","NA","Nanotechnology","NA","NA","NA"
"Veterinary Science","Jewellery and Object Design","Legal History","Vocational Education","Data Science","Kinesiology and Recreation","NA","Slavic Languages and Literatures","NA","Natural Resources and Environment","NA","NA","NA"
"Veterinary Science and Animal Husbandry","Journalism","Legal Practice","Youth and Community Studies","Data Science Engineering","Laboratory Medicine","NA","Slavic Studies","NA","Neurobiology","NA","NA","NA"
"Veterinary Technology","Korean Painting","Legal Process","Youth and Family Studies","Design and Human Factors Engineering","Language and Hearing Science","NA","Slavic/East European Languages and Literatures","NA","Neuroscience","NA","NA","NA"
"Viticulture and Oenology","Korean Traditional Music","Legal Studies","NA","Design and Manufacturing Engineering","Learning Science","NA","Sociology","NA","Nutrition","NA","NA","NA"
"Water and Environmental Science","Korean Traditional Painting","Legal Theory","NA","Design Engineering","Life Science and Technology","NA","South Asian Studies","NA","Nutrition and Dietetics","NA","NA","NA"
"Wildlife and Conservation Science","Landscape Architecture","Logistics","NA","Digital Convergence","Marine Science","NA","Southeast Asian Studies","NA","Nutritional Biochemistry and Metabolism","NA","NA","NA"
"Wood Processing Technology","Lighting Design","Logistics and Distribution Management","NA","Drone Engineering","Medical","NA","Spanish","NA","Oceanography","NA","NA","NA"
"NA","Literary Art","Logistics and Port Management","NA","Educational Leadership and Administration","Medical Humanities","NA","Spanish and Iberian Studies","NA","Oil and Gas Technology","NA","NA","NA"
"NA","Literature","Logistics and Supply Chain Management","NA","Electric Energy Engineering","Medical Imaging","NA","Spanish and Portuguese","NA","Organismic and Evolutionary Biology","NA","NA","NA"
"NA","Media and Music labs","Management","NA","Electrical and Electronic Engineering","Medical Imaging Technology","NA","Spanish Language and Literature","NA","Pharmaceutical Chemistry","NA","NA","NA"
"NA","Media and Performance","Management and Economics","NA","Electrical and Electronic Information Engineering","Medical Informatics","NA","Teaching English to Speakers of Other Languages (TESOL)","NA","Pharmaceutical Technology","NA","NA","NA"
"NA","Media Art","Management and Entrepreneurship","NA","Electrical Engineering","Medical Laboratory Science","NA","Technical Communication","NA","Pharmacology and Toxicology","NA","NA","NA"
"NA","Media Art and Production","Management and Human Resources","NA","Electrical Engineering and Information Science","Medical Laboratory Technology","NA","Theatre","NA","Philosophy","NA","NA","NA"
"NA","Media Art and Science","Management and Information Science","NA","Electrical Engineering and Information Systems","Medical Microbiology","NA","Theology","NA","Physics","NA","NA","NA"
"NA","Media Design","Management and Organization","NA","Electronic Device Engineering","Medical Physics","NA","Theology/Theological Studies","NA","Physics and Astronomy","NA","NA","NA"
"NA","Media Studies","Management and Society","NA","Electronic Engineering","Medical Radiation Science","NA","Translation","NA","Physics and Technology","NA","NA","NA"
"NA","Merchandising and Design","Management Consulting","NA","Electronics Engineering","Medical Radiological Technology","NA","Translation and Interpretation","NA","Planetary and Space Science","NA","NA","NA"
"NA","Motion Graphics","Management Engineering","NA","Elementary Education","Medical Rehabilitation","NA","Vietnamese Ethnic Minorities Languages and Culture","NA","Plant Biology","NA","NA","NA"
"NA","Multimedia and Communication","Management Information Systems","NA","Embedded Systems Engineering","Medical Science","NA","Vietnamese Ethnic Minority Languages and Culture","NA","Plant Breeding and Genetics","NA","NA","NA"
"NA","Multimedia Communications","Management of Travel and Tourism Services","NA","Energy and Chemical Engineering","Medical Technology","NA","Vietnamese Language and Culture","NA","Plant Pathology","NA","NA","NA"
"NA","Multimedia Technology","Management Science","NA","Energy Engineering","Medicine","NA","Vietnamese Language and Literature","NA","Policy and Management","NA","NA","NA"
"NA","Museum Studies","Management Science and Engineering","NA","Energy Science and Engineering","Microbiology","NA","Vietnamese Literature and Culture","NA","Polymer Science and Engineering","NA","NA","NA"
"NA","Music","Management Science and Information Systems","NA","Energy Systems Engineering","Midwifery","NA","Vietnamese Studies","NA","Polymer Technology","NA","NA","NA"
"NA","Music and Technology","Management Studies","NA","Engineering","Molecular","NA","Women's","NA","Psychology","NA","NA","NA"
"NA","Music Composition","Maritime Business Administration","NA","Engineering Physics/Applied Physics","Molecular Biology and Genetics","NA","Women's and Gender Studies","NA","Pure and Applied Chemistry","NA","NA","NA"
"NA","Music Education","Maritime Law","NA","Engineering Science","Molecular Biosciences and Biotechnology","NA","Women's Studies","NA","Religious Studies","NA","NA","NA"
"NA","Music General","Marketing","NA","Engineering Technology","Moxibustion","NA","World Languages","NA","Russian Studies","NA","NA","NA"
"NA","Music Industry","Marketing Management","NA","Environmental and Urban Engineering","Neurobiology","NA","World Languages and Cultures","NA","Science","NA","NA","NA"
"NA","Music Performance","Medical Management","NA","Environmental Engineering","Neuroscience","NA","World Languages and Literatures","NA","Science Education","NA","NA","NA"
"NA","Music Technology","Multimedia Communications","NA","Environmental Studies","Nursing","NA","World Literature","NA","Social Science and Humanities","NA","NA","NA"
"NA","Music Therapy","Nonprofit/Public Organizational Management","NA","Game Engineering","Nursing-Midwifery","NA","Writing","NA","Soil Science","NA","NA","NA"
"NA","Musical Theatre","Non-Profit/Public/Organizational Management","NA","General Engineering","Nutrition","NA","Writing and Rhetoric","NA","Soil Science and Agricultural Chemistry","NA","NA","NA"
"NA","Packaging","Notary Public","NA","Industrial and Systems Engineering","Nutrition and Health Science","NA","Writing Seminars","NA","Spanish Studies","NA","NA","NA"
"NA","Painting","Operations and Supply Chain Management","NA","Industrial Engineering","Nutritional Biochemistry and Metabolism","NA","NA","NA","Sport and Exercise Science","NA","NA","NA"
"NA","Painting and Drawing","Operations and Supply Management","NA","Industrial Engineering and Management","Nutritional Science","NA","NA","NA","Statistics","NA","NA","NA"
"NA","Performing Art","Operations and Technology Management","NA","Information and Communication Engineering","Occupational Health and Safety","NA","NA","NA","Statistics and Applied Mathematics","NA","NA","NA"
"NA","Philosophy","Operations Management","NA","Information and Communication Technology","Occupational Therapy","NA","NA","NA","Statistics and Data Analytics","NA","NA","NA"
"NA","Photography","Operations Research","NA","Information and Computer Engineering","Odonto-Stomatology","NA","NA","NA","Statistics and Machine Learning","NA","NA","NA"
"NA","Photography and Imaging","Organizational Behavior","NA","Information and Computer Science","Operation Theatre Technology","NA","NA","NA","Statistics and Operations Research","NA","NA","NA"
"NA","Physical Education","Organizational Behavior and Human Resource Management","NA","Information and System Engineering","Optics","NA","NA","NA","Structural Biology","NA","NA","NA"
"NA","Political Science","Organizational Leadership","NA","Information and Systems Engineering","Optometry","NA","NA","NA","Sustainable Food and Farming Systems","NA","NA","NA"
"NA","Practical Music","Policy Management","NA","Information Engineering","Oral Health Science","NA","NA","NA","Systems Biology","NA","NA","NA"
"NA","Printmaking","Policy Studies","NA","Information Network Engineering","Oriental Medicine","NA","NA","NA","TESOL","NA","NA","NA"
"NA","Product and Industrial Design","Political Science","NA","Information Processing Engineering","Paramedical Science","NA","NA","NA","Tourism","NA","NA","NA"
"NA","Product Design","Political Science and Diplomacy","NA","Information Science","Paramedical Technology","NA","NA","NA","Zoology","NA","NA","NA"
"NA","Psychology","Political Science and Economics","NA","Information Science and Engineering","Paramedicine","NA","NA","NA","NA","NA","NA","NA"
"NA","Recording Art Technology","Political Science and International Relations","NA","Information Science and Technology","Perfusion Technology","NA","NA","NA","NA","NA","NA","NA"
"NA","Regional Design","Politics","NA","Information Systems Engineering","Pharmaceutical Chemistry","NA","NA","NA","NA","NA","NA","NA"
"NA","Religious Studies","Project Management","NA","Information Technology","Pharmaceutical Science","NA","NA","NA","NA","NA","NA","NA"
"NA","Screen Media","Property","NA","Instructional Design","Pharmaceutical Technology","NA","NA","NA","NA","NA","NA","NA"
"NA","Screen Production","Property Development and Construction Management","NA","Intelligence and Informatics Engineering","Pharmaceutics","NA","NA","NA","NA","NA","NA","NA"
"NA","Sculpture","Public Administration","NA","Intelligent Information System Engineering","Pharmacology","NA","NA","NA","NA","NA","NA","NA"
"NA","Social and Cultural Studies","Public Policy","NA","Intelligent Mechanical Systems Engineering","Pharmacology and Toxicology","NA","NA","NA","NA","NA","NA","NA"
"NA","Sociology","Real Estate","NA","Intelligent System Engineering","Pharmacy","NA","NA","NA","NA","NA","NA","NA"
"NA","Sonic Art","Real Estate and Construction","NA","Intelligent Systems Engineering","Pharmacy and Medicinal Food","NA","NA","NA","NA","NA","NA","NA"
"NA","Sound Design","Real Estate and Construction Management","NA","International Development Engineering","Physical Therapy","NA","NA","NA","NA","NA","NA","NA"
"NA","Spatial Design","Real Estate Development","NA","Laser and Optical Information Technology","Physical Therapy and Rehabilitation","NA","NA","NA","NA","NA","NA","NA"
"NA","Stage Design","Real Estate Management","NA","Learning Science","Physician Assistant","NA","NA","NA","NA","NA","NA","NA"
"NA","Studio Art","Regulatory Affairs","NA","Life Science and Technology","Physician Assistant Studies","NA","NA","NA","NA","NA","NA","NA"
"NA","Technical Theatre","Restaurant and Catering Management","NA","Manufacturing Engineering","Physics","NA","NA","NA","NA","NA","NA","NA"
"NA","Technical Theatre/Theatre Design and Technology","Retail Management","NA","Marine Engineering","Physiology","NA","NA","NA","NA","NA","NA","NA"
"NA","Telecommunications","Risk and Operations Management","NA","Maritime Safety Engineering","Physiology and Neuroscience","NA","NA","NA","NA","NA","NA","NA"
"NA","Television and Theatre","Risk Management","NA","Material Engineering","Physiotherapy","NA","NA","NA","NA","NA","NA","NA"
"NA","Textile and Clothing Studies","Risk Management and Insurance","NA","Material Science and Engineering","Podiatry","NA","NA","NA","NA","NA","NA","NA"
"NA","Textile and Fashion Design","Shipping and Port Management","NA","Materials and Chemical Engineering","Pre-Dentistry","NA","NA","NA","NA","NA","NA","NA"
"NA","Textile Art","Social Innovation Design","NA","Materials and Manufacturing Engineering","Pre-Health tracks","NA","NA","NA","NA","NA","NA","NA"
"NA","Textile Design","Social Science","NA","Materials and Structures","Pre-Medical and Medical","NA","NA","NA","NA","NA","NA","NA"
"NA","Textile Science and Technology","Social Work","NA","Materials Engineering","Pre-Medicine","NA","NA","NA","NA","NA","NA","NA"
"NA","Textiles","Societies and Justice","NA","Materials Science","Pre-Occupational Therapy","NA","NA","NA","NA","NA","NA","NA"
"NA","Theatre","Sociology","NA","Materials Science and Engineering","Pre-Optometry","NA","NA","NA","NA","NA","NA","NA"
"NA","Theatre and Dance","Sport Management","NA","Mathematics","Pre-Pharmacy","NA","NA","NA","NA","NA","NA","NA"
"NA","Theatre and Drama","Supply Chain and Information Systems","NA","Mechanical and Aeronautical Systems","Pre-Physical Therapy","NA","NA","NA","NA","NA","NA","NA"
"NA","Theatre and Dramatic Criticism","Supply Chain and Logistics Management","NA","Mechanical Design","Pre-Physician Assistant","NA","NA","NA","NA","NA","NA","NA"
"NA","Theatre and Film","Supply Chain and Operations","NA","Mechanical Energy and Engineering","Preventive Medicine","NA","NA","NA","NA","NA","NA","NA"
"NA","Theatre and Film Studies","Supply Chain Management","NA","Mechanical Engineering","Pre-Veterinary Medicine","NA","NA","NA","NA","NA","NA","NA"
"NA","Theatre and Performance","Supply Chain Management and Analytics","NA","Mechanical Systems Engineering","Psychology","NA","NA","NA","NA","NA","NA","NA"
"NA","Theatre and Performance Studies","Taxation","NA","Mechatronics Engineering","Public Health","NA","NA","NA","NA","NA","NA","NA"
"NA","Theatre Art","Technical Textile Management","NA","Multimedia Engineering","Quantitative Biosciences and Engineering","NA","NA","NA","NA","NA","NA","NA"
"NA","Theatre Art and Performance Studies","Textile Business Analytics","NA","Nano and Materials Engineering","Radiation Science","NA","NA","NA","NA","NA","NA","NA"
"NA","Theatre Directing","Textile Management","NA","Nano Engineering","Radiologic Technology","NA","NA","NA","NA","NA","NA","NA"
"NA","Theatre Production/Design","Tourism","NA","Nano-Bio Engineering","Radiological Science","NA","NA","NA","NA","NA","NA","NA"
"NA","Theatre Studies","Tourism and Hospitality","NA","Nano-material Science and Engineering","Rehabilitation and Therapy","NA","NA","NA","NA","NA","NA","NA"
"NA","Traditional Korean Music","Tourism and Hospitality Management","NA","Nanotechnology Engineering","Rehabilitation Science","NA","NA","NA","NA","NA","NA","NA"
"NA","Traditional Music","Tourism and Hotel Management","NA","Naval Architecture","Rehabilitation Science/Professions","NA","NA","NA","NA","NA","NA","NA"
"NA","Urban Design","Tourism and Resort Management","NA","Naval Architecture and Ocean Engineering","Reproductive Health","NA","NA","NA","NA","NA","NA","NA"
"NA","Urban Planning","Tourism and Travel Management","NA","Network Engineering","Respiratory Care","NA","NA","NA","NA","NA","NA","NA"
"NA","UX/UI Design","Tourism and Travel Service Management","NA","Nuclear and Quantum Engineering","Respiratory Therapy","NA","NA","NA","NA","NA","NA","NA"
"NA","Visual and Environmental Studies","Tourism and Travel Services Management","NA","Nuclear Engineering","Secondary Education","NA","NA","NA","NA","NA","NA","NA"
"NA","Visual and Media Studies","Tourism Management","NA","Nuclear Engineering and Management","Social Welfare","NA","NA","NA","NA","NA","NA","NA"
"NA","Visual and Performing Art","Trade Law","NA","Ocean Engineering","Social Work","NA","NA","NA","NA","NA","NA","NA"
"NA","Visual Art","NA","NA","Ocean Systems Engineering","Special Education","NA","NA","NA","NA","NA","NA","NA"
"NA","Visual Art Education","NA","NA","Physics","Speech","NA","NA","NA","NA","NA","NA","NA"
"NA","Visual Communication","NA","NA","Precision Engineering","Speech and Hearing","NA","NA","NA","NA","NA","NA","NA"
"NA","Visual Communication Design","NA","NA","railway Engineering","Speech and Hearing Science","NA","NA","NA","NA","NA","NA","NA"
"NA","Visual Design","NA","NA","Robotics","Speech Pathology","NA","NA","NA","NA","NA","NA","NA"
"NA","Visual Studies","NA","NA","Robotics and Intelligent Systems","Speech-Language Pathology","NA","NA","NA","NA","NA","NA","NA"
"NA","Vocal Music","NA","NA","Robotics Engineering","Sport and Exercise Science","NA","NA","NA","NA","NA","NA","NA"
"NA","Western Painting","NA","NA","Secondary Education","Sports Medicine","NA","NA","NA","NA","NA","NA","NA"
"NA","World Art and Cultures","NA","NA","Smart Factory Engineering","Sports Recreation and Therapy","NA","NA","NA","NA","NA","NA","NA"
"NA","Writing Seminars","NA","NA","Smart Manufacturing Engineering","Stomatology","NA","NA","NA","NA","NA","NA","NA"
"NA","NA","NA","NA","Smart Media","Surgery","NA","NA","NA","NA","NA","NA","NA"
"NA","NA","NA","NA","Smart Ship Engineering","Systems Life Science","NA","NA","NA","NA","NA","NA","NA"
"NA","NA","NA","NA","Software","Teacher Education","NA","NA","NA","NA","NA","NA","NA"
"NA","NA","NA","NA","Software Engineering","Traditional Medicine","NA","NA","NA","NA","NA","NA","NA"
"NA","NA","NA","NA","Special Education","Tuina","NA","NA","NA","NA","NA","NA","NA"
"NA","NA","NA","NA","Sustainable Energy Engineering","Unani","NA","NA","NA","NA","NA","NA","NA"
"NA","NA","NA","NA","System and Information Engineering","Unani Medicine","NA","NA","NA","NA","NA","NA","NA"
"NA","NA","NA","NA","System Control Engineering","Veterinary Early Assurance Program","NA","NA","NA","NA","NA","NA","NA"
"NA","NA","NA","NA","System Design Engineering","Veterinary Medicine","NA","NA","NA","NA","NA","NA","NA"
"NA","NA","NA","NA","System Engineering","Veterinary Science","NA","NA","NA","NA","NA","NA","NA"
"NA","NA","NA","NA","Systems and Control Engineering","Veterinary Science and Animal Husbandry","NA","NA","NA","NA","NA","NA","NA"
"NA","NA","NA","NA","Systems and Information Engineering","Yoga","NA","NA","NA","NA","NA","NA","NA"
"NA","NA","NA","NA","Systems Engineering","Zoology","NA","NA","NA","NA","NA","NA","NA"
"NA","NA","NA","NA","Systems Science and Engineering","NA","NA","NA","NA","NA","NA","NA","NA"
"NA","NA","NA","NA","Systems Science and Informatics","NA","NA","NA","NA","NA","NA","NA","NA"
"NA","NA","NA","NA","Teacher Education","NA","NA","NA","NA","NA","NA","NA","NA"
"NA","NA","NA","NA","Transportation Engineering","NA","NA","NA","NA","NA","NA","NA","NA"
"NA","NA","NA","NA","Unmanned Aerial Vehicle Engineering","NA","NA","NA","NA","NA","NA","NA","NA"
"NA","NA","NA","NA","Urban Infrastructure Engineering","NA","NA","NA","NA","NA","NA","NA","NA"
"NA","NA","NA","NA","Urban Planning","NA","NA","NA","NA","NA","NA","NA","NA"
"NA","NA","NA","NA","Aeronautical Engineering","NA","NA","NA","NA","NA","NA","NA","NA"
"NA","NA","NA","NA","Aeronautics and Astronautics","NA","NA","NA","NA","NA","NA","NA","NA"
"NA","NA","NA","NA","Aerospace","NA","NA","NA","NA","NA","NA","NA","NA"
"NA","NA","NA","NA","Aerospace and Mechanical Engineering","NA","NA","NA","NA","NA","NA","NA","NA"
"NA","NA","NA","NA","Aerospace Engineering","NA","NA","NA","NA","NA","NA","NA","NA"
"NA","NA","NA","NA","Aerospace Engineering and Mechanics","NA","NA","NA","NA","NA","NA","NA","NA"
"NA","NA","NA","NA","Agricultural and Biological Engineering","NA","NA","NA","NA","NA","NA","NA","NA"
"NA","NA","NA","NA","Agricultural and Biosystems Engineering","NA","NA","NA","NA","NA","NA","NA","NA"
"NA","NA","NA","NA","Agricultural Engineering","NA","NA","NA","NA","NA","NA","NA","NA"
"NA","NA","NA","NA","Applied Mathematics","NA","NA","NA","NA","NA","NA","NA","NA"
"NA","NA","NA","NA","Applied Mathematics and Statistics","NA","NA","NA","NA","NA","NA","NA","NA"
"NA","NA","NA","NA","Applied Physics","NA","NA","NA","NA","NA","NA","NA","NA"
"NA","NA","NA","NA","Architectural Engineering","NA","NA","NA","NA","NA","NA","NA","NA"
"NA","NA","NA","NA","Architecture","NA","NA","NA","NA","NA","NA","NA","NA"
"NA","NA","NA","NA","Bioengineering","NA","NA","NA","NA","NA","NA","NA","NA"
"NA","NA","NA","NA","Biological and Environmental Engineering","NA","NA","NA","NA","NA","NA","NA","NA"
"NA","NA","NA","NA","Biological Engineering","NA","NA","NA","NA","NA","NA","NA","NA"
"NA","NA","NA","NA","Biological Systems Engineering","NA","NA","NA","NA","NA","NA","NA","NA"
"NA","NA","NA","NA","Biomedical Engineering","NA","NA","NA","NA","NA","NA","NA","NA"
"NA","NA","NA","NA","Biosystems Engineering","NA","NA","NA","NA","NA","NA","NA","NA"
"NA","NA","NA","NA","Ceramic Engineering","NA","NA","NA","NA","NA","NA","NA","NA"
"NA","NA","NA","NA","Chemical and Biochemical Engineering","NA","NA","NA","NA","NA","NA","NA","NA"
"NA","NA","NA","NA","Chemical and Biological Engineering","NA","NA","NA","NA","NA","NA","NA","NA"
"NA","NA","NA","NA","Chemical and Biomolecular Engineering","NA","NA","NA","NA","NA","NA","NA","NA"
"NA","NA","NA","NA","Chemical and Environmental Engineering","NA","NA","NA","NA","NA","NA","NA","NA"
"NA","NA","NA","NA","Chemical and Petroleum Engineering","NA","NA","NA","NA","NA","NA","NA","NA"
"NA","NA","NA","NA","Chemical Engineering","NA","NA","NA","NA","NA","NA","NA","NA"
"NA","NA","NA","NA","Chemical Physics","NA","NA","NA","NA","NA","NA","NA","NA"
"NA","NA","NA","NA","Chemistry and Science","NA","NA","NA","NA","NA","NA","NA","NA"
"NA","NA","NA","NA","Civil","NA","NA","NA","NA","NA","NA","NA","NA"
"NA","NA","NA","NA","Civil and Coastal Engineering","NA","NA","NA","NA","NA","NA","NA","NA"
"NA","NA","NA","NA","Civil and Environmental Engineering","NA","NA","NA","NA","NA","NA","NA","NA"
"NA","NA","NA","NA","Civil and Urban Engineering","NA","NA","NA","NA","NA","NA","NA","NA"
"NA","NA","NA","NA","Civil Engineering","NA","NA","NA","NA","NA","NA","NA","NA"
"NA","NA","NA","NA","Civil Engineering Technology","NA","NA","NA","NA","NA","NA","NA","NA"
"NA","NA","NA","NA","Civil/Electrical/Mechanical Engineering Technology","NA","NA","NA","NA","NA","NA","NA","NA"
"NA","NA","NA","NA","Computational Science and Engineering","NA","NA","NA","NA","NA","NA","NA","NA"
"NA","NA","NA","NA","Computer and Energy Engineering","NA","NA","NA","NA","NA","NA","NA","NA"
"NA","NA","NA","NA","Computer and Information Science","NA","NA","NA","NA","NA","NA","NA","NA"
"NA","NA","NA","NA","Computer and Information Science and Engineering","NA","NA","NA","NA","NA","NA","NA","NA"
"NA","NA","NA","NA","Computer Engineering","NA","NA","NA","NA","NA","NA","NA","NA"
"NA","NA","NA","NA","Computer Science","NA","NA","NA","NA","NA","NA","NA","NA"
"NA","NA","NA","NA","Computer Science and Engineering","NA","NA","NA","NA","NA","NA","NA","NA"
"NA","NA","NA","NA","Construction Engineering","NA","NA","NA","NA","NA","NA","NA","NA"
"NA","NA","NA","NA","Construction Management","NA","NA","NA","NA","NA","NA","NA","NA"
"NA","NA","NA","NA","Data Science","NA","NA","NA","NA","NA","NA","NA","NA"
"NA","NA","NA","NA","Data Science and Analytics","NA","NA","NA","NA","NA","NA","NA","NA"
"NA","NA","NA","NA","Design Engineering","NA","NA","NA","NA","NA","NA","NA","NA"
"NA","NA","NA","NA","Electrical","NA","NA","NA","NA","NA","NA","NA","NA"
"NA","NA","NA","NA","Electrical and Computer Engineering","NA","NA","NA","NA","NA","NA","NA","NA"
"NA","NA","NA","NA","Electrical and Systems Engineering","NA","NA","NA","NA","NA","NA","NA","NA"
"NA","NA","NA","NA","Electrical Engineering","NA","NA","NA","NA","NA","NA","NA","NA"
"NA","NA","NA","NA","Electrical Engineering and Computer Science","NA","NA","NA","NA","NA","NA","NA","NA"
"NA","NA","NA","NA","Electrical Engineering Technology","NA","NA","NA","NA","NA","NA","NA","NA"
"NA","NA","NA","NA","Energy Science and Engineering","NA","NA","NA","NA","NA","NA","NA","NA"
"NA","NA","NA","NA","Engineering","NA","NA","NA","NA","NA","NA","NA","NA"
"NA","NA","NA","NA","Engineering and Applied Science","NA","NA","NA","NA","NA","NA","NA","NA"
"NA","NA","NA","NA","Engineering and Fine Art","NA","NA","NA","NA","NA","NA","NA","NA"
"NA","NA","NA","NA","Engineering and Physics","NA","NA","NA","NA","NA","NA","NA","NA"
"NA","NA","NA","NA","Engineering and Public Policy","NA","NA","NA","NA","NA","NA","NA","NA"
"NA","NA","NA","NA","Engineering Design Innovation and Entrepreneurship","NA","NA","NA","NA","NA","NA","NA","NA"
"NA","NA","NA","NA","Engineering Management","NA","NA","NA","NA","NA","NA","NA","NA"
"NA","NA","NA","NA","Engineering Mechanics","NA","NA","NA","NA","NA","NA","NA","NA"
"NA","NA","NA","NA","Engineering Physics","NA","NA","NA","NA","NA","NA","NA","NA"
"NA","NA","NA","NA","Engineering Science","NA","NA","NA","NA","NA","NA","NA","NA"
"NA","NA","NA","NA","Engineering Science and Mechanics","NA","NA","NA","NA","NA","NA","NA","NA"
"NA","NA","NA","NA","Engineering Technologies and Technicians","NA","NA","NA","NA","NA","NA","NA","NA"
"NA","NA","NA","NA","Engineering Technology","NA","NA","NA","NA","NA","NA","NA","NA"
"NA","NA","NA","NA","Engineering Technology and Industrial Distribution","NA","NA","NA","NA","NA","NA","NA","NA"
"NA","NA","NA","NA","Environmental and Architectural Engineering","NA","NA","NA","NA","NA","NA","NA","NA"
"NA","NA","NA","NA","Environmental Engineering","NA","NA","NA","NA","NA","NA","NA","NA"
"NA","NA","NA","NA","Fire Protection Engineering","NA","NA","NA","NA","NA","NA","NA","NA"
"NA","NA","NA","NA","General Engineering","NA","NA","NA","NA","NA","NA","NA","NA"
"NA","NA","NA","NA","Geological Engineering","NA","NA","NA","NA","NA","NA","NA","NA"
"NA","NA","NA","NA","Geophysical Engineering","NA","NA","NA","NA","NA","NA","NA","NA"
"NA","NA","NA","NA","Industrial and Enterprise Systems Engineering","NA","NA","NA","NA","NA","NA","NA","NA"
"NA","NA","NA","NA","Industrial and Operations Engineering","NA","NA","NA","NA","NA","NA","NA","NA"
"NA","NA","NA","NA","Industrial and Systems Engineering","NA","NA","NA","NA","NA","NA","NA","NA"
"NA","NA","NA","NA","Industrial Engineering","NA","NA","NA","NA","NA","NA","NA","NA"
"NA","NA","NA","NA","Industrial Engineering and Operations Research","NA","NA","NA","NA","NA","NA","NA","NA"
"NA","NA","NA","NA","Manufacturing Engineering","NA","NA","NA","NA","NA","NA","NA","NA"
"NA","NA","NA","NA","Materials","NA","NA","NA","NA","NA","NA","NA","NA"
"NA","NA","NA","NA","Materials Engineering","NA","NA","NA","NA","NA","NA","NA","NA"
"NA","NA","NA","NA","Materials Science","NA","NA","NA","NA","NA","NA","NA","NA"
"NA","NA","NA","NA","Materials Science and Engineering","NA","NA","NA","NA","NA","NA","NA","NA"
"NA","NA","NA","NA","Materials Science and NanoEngineering","NA","NA","NA","NA","NA","NA","NA","NA"
"NA","NA","NA","NA","Mechanical and Aerospace Engineering","NA","NA","NA","NA","NA","NA","NA","NA"
"NA","NA","NA","NA","Mechanical and Industrial Engineering","NA","NA","NA","NA","NA","NA","NA","NA"
"NA","NA","NA","NA","Mechanical and Materials Engineering","NA","NA","NA","NA","NA","NA","NA","NA"
"NA","NA","NA","NA","Mechanical Engineering","NA","NA","NA","NA","NA","NA","NA","NA"
"NA","NA","NA","NA","Mechanical Engineering Technology","NA","NA","NA","NA","NA","NA","NA","NA"
"NA","NA","NA","NA","Mechanical Science and Engineering","NA","NA","NA","NA","NA","NA","NA","NA"
"NA","NA","NA","NA","Metallurgical and Materials Engineering","NA","NA","NA","NA","NA","NA","NA","NA"
"NA","NA","NA","NA","Metallurgical Engineering","NA","NA","NA","NA","NA","NA","NA","NA"
"NA","NA","NA","NA","Mining and Geological Engineering","NA","NA","NA","NA","NA","NA","NA","NA"
"NA","NA","NA","NA","Mining and Minerals Engineering","NA","NA","NA","NA","NA","NA","NA","NA"
"NA","NA","NA","NA","Mining Engineering","NA","NA","NA","NA","NA","NA","NA","NA"
"NA","NA","NA","NA","NanoEngineering","NA","NA","NA","NA","NA","NA","NA","NA"
"NA","NA","NA","NA","Nuclear","NA","NA","NA","NA","NA","NA","NA","NA"
"NA","NA","NA","NA","Nuclear and Radiological Engineering","NA","NA","NA","NA","NA","NA","NA","NA"
"NA","NA","NA","NA","Nuclear Engineering","NA","NA","NA","NA","NA","NA","NA","NA"
"NA","NA","NA","NA","Nuclear Science and Engineering","NA","NA","NA","NA","NA","NA","NA","NA"
"NA","NA","NA","NA","Ocean Engineering","NA","NA","NA","NA","NA","NA","NA","NA"
"NA","NA","NA","NA","Operations Research and Information Engineering","NA","NA","NA","NA","NA","NA","NA","NA"
"NA","NA","NA","NA","Petroleum and Natural Gas Engineering","NA","NA","NA","NA","NA","NA","NA","NA"
"NA","NA","NA","NA","Petroleum Engineering","NA","NA","NA","NA","NA","NA","NA","NA"
"NA","NA","NA","NA","Plasma and Radiological Engineering","NA","NA","NA","NA","NA","NA","NA","NA"
"NA","NA","NA","NA","Polymer Science and Engineering","NA","NA","NA","NA","NA","NA","NA","NA"
"NA","NA","NA","NA","Quantitative Biosciences and Engineering","NA","NA","NA","NA","NA","NA","NA","NA"
"NA","NA","NA","NA","Robotics","NA","NA","NA","NA","NA","NA","NA","NA"
"NA","NA","NA","NA","Software Engineering","NA","NA","NA","NA","NA","NA","NA","NA"
"NA","NA","NA","NA","Structural Engineering","NA","NA","NA","NA","NA","NA","NA","NA"
"NA","NA","NA","NA","Sustainable Agriculture Systems","NA","NA","NA","NA","NA","NA","NA","NA"
"NA","NA","NA","NA","Systems and Industrial Engineering","NA","NA","NA","NA","NA","NA","NA","NA"
"NA","NA","NA","NA","Systems Engineering","NA","NA","NA","NA","NA","NA","NA","NA"
"NA","NA","NA","NA","Systems Science and Engineering","NA","NA","NA","NA","NA","NA","NA","NA"
"NA","NA","NA","NA","Technology Management","NA","NA","NA","NA","NA","NA","NA","NA"
"NA","NA","NA","NA","Telecommunications Engineering","NA","NA","NA","NA","NA","NA","NA","NA"
"NA","NA","NA","NA","Textile Engineering","NA","NA","NA","NA","NA","NA","NA","NA"
"NA","NA","NA","NA","Transportation Engineering","NA","NA","NA","NA","NA","NA","NA","NA"
"NA","NA","NA","NA","Agricultural Engineering","NA","NA","NA","NA","NA","NA","NA","NA"
"NA","NA","NA","NA","Aircraft Maintenance Engineering","NA","NA","NA","NA","NA","NA","NA","NA"
"NA","NA","NA","NA","Airport Engineering and Management","NA","NA","NA","NA","NA","NA","NA","NA"
"NA","NA","NA","NA","Applied Geology","NA","NA","NA","NA","NA","NA","NA","NA"
"NA","NA","NA","NA","Architecture","NA","NA","NA","NA","NA","NA","NA","NA"
"NA","NA","NA","NA","Artificial Intelligence","NA","NA","NA","NA","NA","NA","NA","NA"
"NA","NA","NA","NA","Automation and Control","NA","NA","NA","NA","NA","NA","NA","NA"
"NA","NA","NA","NA","Automation and Control Engineering","NA","NA","NA","NA","NA","NA","NA","NA"
"NA","NA","NA","NA","Automation Engineering","NA","NA","NA","NA","NA","NA","NA","NA"
"NA","NA","NA","NA","Automobile Engineering","NA","NA","NA","NA","NA","NA","NA","NA"
"NA","NA","NA","NA","Automotive Engineering","NA","NA","NA","NA","NA","NA","NA","NA"
"NA","NA","NA","NA","Automotive Engineering Technology","NA","NA","NA","NA","NA","NA","NA","NA"
"NA","NA","NA","NA","Automotive—Thermal Engineering Technology","NA","NA","NA","NA","NA","NA","NA","NA"
"NA","NA","NA","NA","Building Materials Engineering","NA","NA","NA","NA","NA","NA","NA","NA"
"NA","NA","NA","NA","Building Services Engineering","NA","NA","NA","NA","NA","NA","NA","NA"
"NA","NA","NA","NA","Chemical Engineering","NA","NA","NA","NA","NA","NA","NA","NA"
"NA","NA","NA","NA","Civil and Industrial Engineering","NA","NA","NA","NA","NA","NA","NA","NA"
"NA","NA","NA","NA","Civil Construction Engineering","NA","NA","NA","NA","NA","NA","NA","NA"
"NA","NA","NA","NA","Civil Engineering","NA","NA","NA","NA","NA","NA","NA","NA"
"NA","NA","NA","NA","Computer Engineering","NA","NA","NA","NA","NA","NA","NA","NA"
"NA","NA","NA","NA","Computer Science","NA","NA","NA","NA","NA","NA","NA","NA"
"NA","NA","NA","NA","Computer Science and Engineering","NA","NA","NA","NA","NA","NA","NA","NA"
"NA","NA","NA","NA","Construction Economics","NA","NA","NA","NA","NA","NA","NA","NA"
"NA","NA","NA","NA","Construction Engineering","NA","NA","NA","NA","NA","NA","NA","NA"
"NA","NA","NA","NA","Construction Engineering Technology","NA","NA","NA","NA","NA","NA","NA","NA"
"NA","NA","NA","NA","Construction Management","NA","NA","NA","NA","NA","NA","NA","NA"
"NA","NA","NA","NA","Construction Technology","NA","NA","NA","NA","NA","NA","NA","NA"
"NA","NA","NA","NA","Control and Automation","NA","NA","NA","NA","NA","NA","NA","NA"
"NA","NA","NA","NA","Control and Automation Engineering","NA","NA","NA","NA","NA","NA","NA","NA"
"NA","NA","NA","NA","Control Engineering and Automation","NA","NA","NA","NA","NA","NA","NA","NA"
"NA","NA","NA","NA","Control Systems Engineering","NA","NA","NA","NA","NA","NA","NA","NA"
"NA","NA","NA","NA","Cybersecurity","NA","NA","NA","NA","NA","NA","NA","NA"
"NA","NA","NA","NA","Data Science","NA","NA","NA","NA","NA","NA","NA","NA"
"NA","NA","NA","NA","Electrical and Computer Engineering","NA","NA","NA","NA","NA","NA","NA","NA"
"NA","NA","NA","NA","Electrical and Electronic Engineering","NA","NA","NA","NA","NA","NA","NA","NA"
"NA","NA","NA","NA","Electrical and Electronic Engineering Technology","NA","NA","NA","NA","NA","NA","NA","NA"
"NA","NA","NA","NA","Electrical and Electronics Engineering","NA","NA","NA","NA","NA","NA","NA","NA"
"NA","NA","NA","NA","Electrical Engineering","NA","NA","NA","NA","NA","NA","NA","NA"
"NA","NA","NA","NA","Electronic Engineering","NA","NA","NA","NA","NA","NA","NA","NA"
"NA","NA","NA","NA","Electronics - Telecommunications Engineering","NA","NA","NA","NA","NA","NA","NA","NA"
"NA","NA","NA","NA","Electronics and Telecommunication Engineering","NA","NA","NA","NA","NA","NA","NA","NA"
"NA","NA","NA","NA","Electronics and Telecommunications","NA","NA","NA","NA","NA","NA","NA","NA"
"NA","NA","NA","NA","Electronics and Telecommunications Engineering","NA","NA","NA","NA","NA","NA","NA","NA"
"NA","NA","NA","NA","Electronics and Telecommunications Engineering Technology","NA","NA","NA","NA","NA","NA","NA","NA"
"NA","NA","NA","NA","Electronics Engineering","NA","NA","NA","NA","NA","NA","NA","NA"
"NA","NA","NA","NA","Engineering","NA","NA","NA","NA","NA","NA","NA","NA"
"NA","NA","NA","NA","Engineering Surveying and Cartography","NA","NA","NA","NA","NA","NA","NA","NA"
"NA","NA","NA","NA","Engineering Technology","NA","NA","NA","NA","NA","NA","NA","NA"
"NA","NA","NA","NA","Engineering Technology and Automation Control","NA","NA","NA","NA","NA","NA","NA","NA"
"NA","NA","NA","NA","Environmental Engineering","NA","NA","NA","NA","NA","NA","NA","NA"
"NA","NA","NA","NA","Environmental Technology","NA","NA","NA","NA","NA","NA","NA","NA"
"NA","NA","NA","NA","Fisheries-Related Engineering","NA","NA","NA","NA","NA","NA","NA","NA"
"NA","NA","NA","NA","Food and Agricultural Engineering","NA","NA","NA","NA","NA","NA","NA","NA"
"NA","NA","NA","NA","Food Engineering Technology","NA","NA","NA","NA","NA","NA","NA","NA"
"NA","NA","NA","NA","Food Safety and Quality Assurance","NA","NA","NA","NA","NA","NA","NA","NA"
"NA","NA","NA","NA","Food Technology","NA","NA","NA","NA","NA","NA","NA","NA"
"NA","NA","NA","NA","Forest Engineering","NA","NA","NA","NA","NA","NA","NA","NA"
"NA","NA","NA","NA","Garment Technology","NA","NA","NA","NA","NA","NA","NA","NA"
"NA","NA","NA","NA","Geological Engineering","NA","NA","NA","NA","NA","NA","NA","NA"
"NA","NA","NA","NA","Geophysical Engineering","NA","NA","NA","NA","NA","NA","NA","NA"
"NA","NA","NA","NA","Geospatial Information Technology","NA","NA","NA","NA","NA","NA","NA","NA"
"NA","NA","NA","NA","Geotechnical Engineering","NA","NA","NA","NA","NA","NA","NA","NA"
"NA","NA","NA","NA","Hydraulic Engineering","NA","NA","NA","NA","NA","NA","NA","NA"
"NA","NA","NA","NA","Hydraulic Structures Engineering","NA","NA","NA","NA","NA","NA","NA","NA"
"NA","NA","NA","NA","Hydrogeology","NA","NA","NA","NA","NA","NA","NA","NA"
"NA","NA","NA","NA","Industrial Engineering","NA","NA","NA","NA","NA","NA","NA","NA"
"NA","NA","NA","NA","Industrial Power","NA","NA","NA","NA","NA","NA","NA","NA"
"NA","NA","NA","NA","Information and Communication Technology","NA","NA","NA","NA","NA","NA","NA","NA"
"NA","NA","NA","NA","Information Systems","NA","NA","NA","NA","NA","NA","NA","NA"
"NA","NA","NA","NA","Information Technology","NA","NA","NA","NA","NA","NA","NA","NA"
"NA","NA","NA","NA","Information Technology Engineering","NA","NA","NA","NA","NA","NA","NA","NA"
"NA","NA","NA","NA","Information Technology in Geology and Mining","NA","NA","NA","NA","NA","NA","NA","NA"
"NA","NA","NA","NA","Infrastructure Engineering","NA","NA","NA","NA","NA","NA","NA","NA"
"NA","NA","NA","NA","Land Resource Engineering","NA","NA","NA","NA","NA","NA","NA","NA"
"NA","NA","NA","NA","Landscape Architecture","NA","NA","NA","NA","NA","NA","NA","NA"
"NA","NA","NA","NA","Logistics Engineering","NA","NA","NA","NA","NA","NA","NA","NA"
"NA","NA","NA","NA","Machine Manufacturing Technology","NA","NA","NA","NA","NA","NA","NA","NA"
"NA","NA","NA","NA","Manufacturing Engineering","NA","NA","NA","NA","NA","NA","NA","NA"
"NA","NA","NA","NA","Manufacturing Technology","NA","NA","NA","NA","NA","NA","NA","NA"
"NA","NA","NA","NA","Marine Engineering","NA","NA","NA","NA","NA","NA","NA","NA"
"NA","NA","NA","NA","Materials Science and Engineering","NA","NA","NA","NA","NA","NA","NA","NA"
"NA","NA","NA","NA","Mechanical Engineering","NA","NA","NA","NA","NA","NA","NA","NA"
"NA","NA","NA","NA","Mechanical Engineering Technology","NA","NA","NA","NA","NA","NA","NA","NA"
"NA","NA","NA","NA","Mechatronic Engineering","NA","NA","NA","NA","NA","NA","NA","NA"
"NA","NA","NA","NA","Mechatronic Engineering Technology","NA","NA","NA","NA","NA","NA","NA","NA"
"NA","NA","NA","NA","Mechatronics","NA","NA","NA","NA","NA","NA","NA","NA"
"NA","NA","NA","NA","Mechatronics Engineering","NA","NA","NA","NA","NA","NA","NA","NA"
"NA","NA","NA","NA","Mechatronics Engineering Technology","NA","NA","NA","NA","NA","NA","NA","NA"
"NA","NA","NA","NA","Mineral Processing Engineering","NA","NA","NA","NA","NA","NA","NA","NA"
"NA","NA","NA","NA","Mining Engineering","NA","NA","NA","NA","NA","NA","NA","NA"
"NA","NA","NA","NA","Nautical Science","NA","NA","NA","NA","NA","NA","NA","NA"
"NA","NA","NA","NA","Naval Architecture and Marine Engineering","NA","NA","NA","NA","NA","NA","NA","NA"
"NA","NA","NA","NA","Nuclear Engineering","NA","NA","NA","NA","NA","NA","NA","NA"
"NA","NA","NA","NA","Petroleum Engineering","NA","NA","NA","NA","NA","NA","NA","NA"
"NA","NA","NA","NA","Post-Harvest Technolog","NA","NA","NA","NA","NA","NA","NA","NA"
"NA","NA","NA","NA","Post-Harvest Technology","NA","NA","NA","NA","NA","NA","NA","NA"
"NA","NA","NA","NA","Power Systems Engineering","NA","NA","NA","NA","NA","NA","NA","NA"
"NA","NA","NA","NA","railway Engineering","NA","NA","NA","NA","NA","NA","NA","NA"
"NA","NA","NA","NA","Renewable Energy Engineering","NA","NA","NA","NA","NA","NA","NA","NA"
"NA","NA","NA","NA","Robotics and Intelligent Control Engineering","NA","NA","NA","NA","NA","NA","NA","NA"
"NA","NA","NA","NA","Robotics Engineering","NA","NA","NA","NA","NA","NA","NA","NA"
"NA","NA","NA","NA","Shipbuilding Technology","NA","NA","NA","NA","NA","NA","NA","NA"
"NA","NA","NA","NA","Software Engineering","NA","NA","NA","NA","NA","NA","NA","NA"
"NA","NA","NA","NA","Surveying and Cartography","NA","NA","NA","NA","NA","NA","NA","NA"
"NA","NA","NA","NA","Surveying and Mapping","NA","NA","NA","NA","NA","NA","NA","NA"
"NA","NA","NA","NA","Telecommunication Engineering","NA","NA","NA","NA","NA","NA","NA","NA"
"NA","NA","NA","NA","Telecommunications Engineering","NA","NA","NA","NA","NA","NA","NA","NA"
"NA","NA","NA","NA","Thermal Engineering","NA","NA","NA","NA","NA","NA","NA","NA"
"NA","NA","NA","NA","Transport Construction Engineering","NA","NA","NA","NA","NA","NA","NA","NA"
"NA","NA","NA","NA","Transportation Construction Engineering","NA","NA","NA","NA","NA","NA","NA","NA"
"NA","NA","NA","NA","Transportation Engineering","NA","NA","NA","NA","NA","NA","NA","NA"
"NA","NA","NA","NA","Urban Infrastructure Engineering","NA","NA","NA","NA","NA","NA","NA","NA"
"NA","NA","NA","NA","Urban Planning","NA","NA","NA","NA","NA","NA","NA","NA"
"NA","NA","NA","NA","Water Resources and Environment Engineering","NA","NA","NA","NA","NA","NA","NA","NA"
"NA","NA","NA","NA","Water Resources Engineering","NA","NA","NA","NA","NA","NA","NA","NA"
"NA","NA","NA","NA","Water Supply and Drainage Engineering","NA","NA","NA","NA","NA","NA","NA","NA"
"NA","NA","NA","NA","Water Supply and Sewerage Engineering","NA","NA","NA","NA","NA","NA","NA","NA"
"NA","NA","NA","NA","Wood Processing Engineering","NA","NA","NA","NA","NA","NA","NA","NA"
